Slope,Horizontal_Distance_To_Hydrology,Vertical_Distance_To_Hydrology,Horizontal_Distance_To_Roadways,Hillshade_9am,Hillshade_Noon,Hillshade_3pm
581012.0,581012.0,581012.0,581012.0,581012.0,581012.0,581012.0
2350.1466114297123,212.14604861861716,223.31871630878535,142.52826275533036,1980.2912263430014,0.4488650836815763,0.051434393781884025
1559.2548698976088,26.76988880528213,19.768697153666416,38.274529231410625,1324.1952097801095,0.49737877529822694,0.22088227835340096
0.0,0.0,0.0,0.0,0.0,0.0,0.0
1106.0,198.0,213.0,119.0,1024.0,0.0,0.0
1997.0,218.0,226.0,143.0,1710.0,0.0,0.0
3328.0,231.0,237.0,168.0,2550.0,1.0,0.0
7117.0,254.0,254.0,254.0,7173.0,1.0,1.0
